reason,Day,Title,How to apply (optional),URL of where to,Company,Full Job Description,Location,Country,Tags Matched,Notes,Within_3_Days
non_us_country,2025-09-21,Senior Product Manager (Payment Gateway),,fyst.applytojob.com/apply/uljVBS9hWd/Senior-Product-Manager-Payment-Gateway,FYST,Senior Product Manager (Payment Gateway),Remote,Poland,GDPR,,yes
non_us_country,2025-09-21,Product Manager, Education & Learning,,jobs.ashbyhq.com/openai/74ee2eac-9970-42c2-9e65-e89e858ad6c0,OpenAI,Product Manager, Education & Learning,San Francisco,United States,OpenAI; Google Tag Manager,,yes
domain_company,2025-09-21,Growth Product Manager,,hireforyou.peopleforce.io/careers/v/149855,hireforyou.pro,Growth Product Manager,Remote,,,yes
non_us_country,2025-09-21,Product Manager, Schools,,jobs.ashbyhq.com/padlet/6c0945ab-f704-4b7c-8677-402ebc0fbf6c,Padlet,Product Manager, Schools,San Francisco,United States,Presidio,,yes
non_us_country,2025-09-21,Senior Product Manager - Acumatica ERP,,velixo.applytojob.com/apply/RtCabuxkTV/Senior-Product-Manager-Acumatica-ERP,Velixo,Senior Product Manager - Acumatica ERP,Remote,Canada,Acumatica; Sage; Excel; Microsoft,,yes
rule,2025-09-21,Product Manager  	3Integrated Payments	4,,blazesolutions.applytojob.com/apply/CCQQjF9IZI/Product-Manager-Integrated-Payments,Blaze Solutions,Product Manager - Integrated Payments,Remote,,,yes
non_us_country,2025-09-21,Product Manager, Government + Secure Deployment,,jobs.ashbyhq.com/twelve-labs/4e08066f-9190-4758-86dc-c9c013a3e518,TwelveLabs,Product Manager, Government + Secure Deployment,San Francisco,United States,,,yes
non_us_country,2025-09-21,Product Manager, Video Search and Embeddings,,jobs.ashbyhq.com/twelve-labs/40499429-1e42-49a0-ad0b-64ce6dae3bbc,TwelveLabs,Product Manager, Video Search and Embeddings,San Francisco,United States,,,yes
non_us_country,2025-09-20,Senior Product Manager, Growth & Engagement,,boards.greenhouse.io/cartwheelcare/jobs/4909670007,Cartwheel,Senior Product Manager, Growth & Engagement,Remote,,,yes
rule,2025-09-19,Digital Product Manager / Gestionnaire de produit numerique,,digitalmoment.applytojob.com/apply/QrAXLocXf4/Digital-Product-Manager-Gestionnaire-De-Produit-Numerique,Digital Moment,Digital Product Manager / Gestionnaire de produit numerique,Remote,,,no
non_us_country,2025-09-19,Product Manager, Pricing,,jobs.ashbyhq.com/shepherd/3fc40e83-3dc6-4a89-a919-02541a97282a,Shepherd,Product Manager, Pricing,San Francisco,United States,Spark,,no
rule,2025-09-19,Senior Privacy Product Manager,,boards.greenhouse.io/id5/jobs/5653651004,ID5,Senior Privacy Product Manager,Remote,,,no
non_us_country,2025-09-19,Head of Product, SaaS,,angaza.applytojob.com/apply/fGxzqjSdeo/Head-Of-Product-SaaS,Angaza Design,Head of Product, SaaS,Remote,,,no
rule,2025-09-19,Head of Product Development & Strategy,,happymammoth.applytojob.com/apply/NMQH3WmU60/Head-Of-Product-Development-Strategy,Happy Koala,Head of Product Development & Strategy,Remote,,,no
non_us_country,2025-09-20,Director of Product Management, Athletics,,kindsight.applytojob.com/apply/9CdBmiqius/Director-Of-Product-Management-Athletics,Kindsight,Director of Product Management, Athletics,Remote,,,no
rule,2025-09-20,Head of Product,,jobs.ashbyhq.com/superhuman/7cd706cb-6507-414f-87b1-1f9f7382138b,Superhuman,Head of Product,Remote,,,no
rule,2025-09-19,Director of Product Marketing,,boards.greenhouse.io/talkiatry/3830fb88-7485-47fc-ae43-ce31c7d5eab5,Talkiatry,Director of Product Marketing,Remote,,,no
rule,2025-09-20,Head of Product Development & Strategy,,happymammoth.applytojob.com/apply/4LPpc3fpX2/Head-Of-Product-Development-Strategy,Happy Koala,Head of Product Development & Strategy,Remote,,,no
rule,2025-09-20,Head of Product Development & Strategy,,happymammoth.applytojob.com/apply/XM2r5ALOxe/Head-Of-Product-Development-Strategy,Happy Koala,Head of Product Development & Strategy,Remote,,,no
rule,2025-09-20,Head of Product,,tali.applytojob.com/apply/8wcXtwE12s/Head-Of-Product,Tali AI,Head of Product,Remote,,,no
rule,2025-09-20,Head of Product Development & Strategy,,happymammoth.applytojob.com/apply/bemNrOwCsu/Head-Of-Product-Development-Strategy,Happy Koala,Head of Product Development & Strategy,Remote,,,no
rule,2025-09-20,Head of Product Development & Strategy,,happymammoth.applytojob.com/apply/ypnJbsd1n3/Head-Of-Product-Development-Strategy,Happy Koala,Head of Product Development & Strategy,Remote,,,no
rule,2025-09-20,Head of Product Development & Strategy,,happymammoth.applytojob.com/apply/GvT9sgKrGB/Head-Of-Product-Development-Strategy,Happy Koala,Head of Product Development & Strategy,Remote,,,no
rule,2025-09-20,Head of Product Development & Strategy,,happymammoth.applytojob.com/apply/P3KiPQJAci/Head-Of-Product-Development-Strategy,Happy Koala,Head of Product Development & Strategy,Remote,,,no
rule,2025-09-20,Director of Product Marketing,,boards.greenhouse.io/corellium/jobs/5642547004,Corellium,Director of Product Marketing,Remote,,,no
rule,2025-09-20,Director of Product Marketing,,goknit.applytojob.com/apply/IhW4XkRhGp/Director-Of-Product-Marketing,Knit,Director of Product Marketing,Remote,,,no
rule,2025-09-21,Head of Product Marketing,,boards.greenhouse.io/regscale/jobs/4793925007,RegScale,Head of Product Marketing,Remote,,,yes
non_us_country,2025-09-19,Director of Product, Clinical Operations Platform,,boards.greenhouse.io/tailorcare2023/jobs/4596918006,TailorCare,Director of Product, Clinical Operations Platform,Remote,,,no
rule,2025-09-20,Head of Product Marketing,,boards.greenhouse.io/logicgate/jobs/4602059005,LogicGate,Head of Product Marketing,Remote,,,yes
non_us_country,2025-09-20,Client Success Representative (Remote, Contract),,boards.greenhouse.io/infuse/jobs/4610922005,INFUSE,Client Success Representative (Remote, Contract),Remote,,,,yes
non_us_country,2025-09-20,Client Success Representative (Remote, Contract),,boards.greenhouse.io/infuse/jobs/4610901005,INFUSE,Client Success Representative (Remote, Contract),Remote,,,,yes
non_us_country,2025-09-20,Client Success Representative (Remote, Contract),,boards.greenhouse.io/infuse/jobs/4610926005,INFUSE,Client Success Representative (Remote, Contract),Remote,,,,yes
non_us_country,2025-09-20,Client Success Representative (Remote, Contract),,boards.greenhouse.io/infuse/jobs/4610929005,INFUSE,Client Success Representative (Remote, Contract),Remote,,,,yes
non_us_country,2025-09-20,Client Success Representative (Remote, Contract),,boards.greenhouse.io/infuse/jobs/4610913005,INFUSE,Client Success Representative (Remote, Contract),Remote,,,,yes
non_us_country,2025-09-20,Client Success Representative (Remote, Contract),,boards.greenhouse.io/infuse/jobs/4610914005,INFUSE,Client Success Representative (Remote, Contract),Remote,,,,yes
non_us_country,2025-09-20,Supervisor de Montagem (Auxiliares Elétricos),,gevernova.wd5.myworkdayjobs.com/only_confidential_executive_recruiting/job/remote/supervisor-de-montagem--auxiliares-eltricos-_r5020086,GE Vernova,Supervisor de Montagem (Auxiliares Elétricos),Remote,Brazil,,,yes
non_us_country,2025-09-20,Supervisor de Montagem (Auxiliares Elétricos),,gevernova.wd5.myworkdayjobs.com/vernova_externalsite/job/remote/supervisor-de-montagem--auxiliares-eltricos-_r5020086-1,GE Vernova,Supervisor de Montagem (Auxiliares Elétricos),Remote,Brazil,,,yes
non_us_country,2025-09-21,Mid Marketing Data Analyst,,happymammoth.applytojob.com/apply/wPaqkvutxC/Mid-Marketing-Data-Analyst,Happy Koala,Mid Marketing Data Analyst,Remote,France,SQL; Google BigQuery; Excel; Power BI; Looker,,yes
non_us_country,2025-09-21,Mid Marketing Data Analyst,,happymammoth.applytojob.com/apply/Xi3Z1x078w/Mid-Marketing-Data-Analyst,Happy Koala,Mid Marketing Data Analyst,Remote,Denmark,Power BI; Google; SQL; Looker; Excel,,yes
non_us_country,2025-09-21,Mid Marketing Data Analyst,,happymammoth.applytojob.com/apply/sWP6vzW3DE/Mid-Marketing-Data-Analyst,Happy Koala,Mid Marketing Data Analyst,Remote,Bosnia And Herzegovina,Looker; Excel; Power BI; SQL; Google,,yes
non_us_country,2025-09-21,Mid Marketing Data Analyst,,happymammoth.applytojob.com/apply/sY8DkDxYW3/Mid-Marketing-Data-Analyst,Happy Koala,Mid Marketing Data Analyst,Remote,Italy,Excel; Power BI; Looker; Google BigQuery; SQL,,yes
non_us_country,2025-09-21,Mid Marketing Data Analyst,,happymammoth.applytojob.com/apply/icX2LSs34Z/Mid-Marketing-Data-Analyst,Happy Koala,Mid Marketing Data Analyst,Remote,Sweden,Looker; SQL; Power BI; Google; Excel,,yes
non_us_country,2025-09-21,Mid Marketing Data Analyst,,happymammoth.applytojob.com/apply/PZB6Ehbtid/Mid-Marketing-Data-Analyst,Happy Koala,Mid Marketing Data Analyst,Remote,Armenia,SQL; Excel; Google; Power BI; Looker,,yes
non_us_country,2025-09-19,Mid Marketing Data Analyst,,happymammoth.applytojob.com/apply/vTmSZskfro/Mid-Marketing-Data-Analyst,Happy Koala,Mid Marketing Data Analyst,Remote,Lithuania,Excel; SQL; Google BigQuery; Power BI; Looker,,yes
non_us_country,2025-09-19,Mid Marketing Data Analyst,,happymammoth.applytojob.com/apply/9b4EDrSEnr/Mid-Marketing-Data-Analyst,Happy Koala,Mid Marketing Data Analyst,Remote,Germany,Google; Power BI; Excel; Looker; SQL,,yes
non_us_country,2025-09-19,Mid Marketing Data Analyst,,happymammoth.applytojob.com/apply/96QWMbIvFk/Mid-Marketing-Data-Analyst,Happy Koala,Mid Marketing Data Analyst,Remote,Italy,Power BI; Looker; SQL; Excel; Google BigQuery,,yes
non_us_country,2025-09-19,Senior Backend Engineer,,bizaway.applytojob.com/apply/4NKa9ccEzs/Senior-Backend-Engineer,BizAway,Senior Backend Engineer,Remote,Spain,Kafka; Fastify; Express; AWS; TypeScript; Node.js; OpenAPI; Docker,,yes
non_us_country,2025-09-19,Senior Backend Engineer - Italy,,bizaway.applytojob.com/apply/52EIeRKzcL/Senior-Backend-Engineer-Italy,BizAway,Senior Backend Engineer - Italy,Remote,Italy,TypeScript; AWS; Fastify; Docker; OpenAPI; Node.js; Express; Kafka,,yes
non_us_country,2025-09-19,Senior Backend Engineer - Albania,,bizaway.applytojob.com/apply/X2ecnnTjE3/Senior-Backend-Engineer-Albania,BizAway,Senior Backend Engineer - Albania,Remote,Albania,AWS; TypeScript; Fastify; OpenAPI; Kafka; Express; Node.js; Docker,,yes
non_us_country,2025-09-19,Senior Full Stack Engineer (Kotlin),,careerstech9.applytojob.com/apply/y1mz80hksn/Senior-Full-Stack-Engineer-Kotlin,Tech9,Senior Full Stack Engineer (Kotlin),Remote,India,Kotlin; Sidekiq; Ruby; Lambda; Rails; HireVue; AWS,,yes
non_us_country,2025-09-19,"Senior Software Engineer (Backend → AI Applications) - Remote, Worldwide",,jobs.ashbyhq.com/nethermind/6d00fc26-3096-4a00-b0b3-0053684f5a75,Nethermind,"Senior Software Engineer (Backend → AI Applications) - Remote, Worldwide",Remote,Singapore,Python; Docker; Blockchain; GDPR; TypeScript; JSON; SQL; AWS; OpenAI,,yes
