Saved Date,Job Url,Job Title,Company Name
"12/11/20, 8:54 AM",http://www.linkedin.com/jobs/view/2268830453,Product Strategy & Operations Intern,Zendesk
"12/23/20, 6:14 PM",http://www.linkedin.com/jobs/view/2350292147,Product Management MBA Intern,CarGurus
"12/11/20, 8:56 AM",http://www.linkedin.com/jobs/view/2322765477,Digital Media GTM Strategy and Operations MBA Intern,Adobe
"12/11/20, 8:55 AM",http://www.linkedin.com/jobs/view/2250602121,"Strategy Manager, MBA Intern- Summer 2021",Uber
"12/11/20, 8:55 AM",http://www.linkedin.com/jobs/view/2307482440,Strategy MBA Intern,TE Connectivity
"12/11/20, 8:56 AM",http://www.linkedin.com/jobs/view/2304659802,"MBA Marketing Intern, VS",Getinge
"12/11/20, 8:56 AM",http://www.linkedin.com/jobs/view/2265992450,MBA Intern - Strategy & Business Development 2021,Qualcomm
"12/23/20, 6:10 PM",http://www.linkedin.com/jobs/view/2319305511,Business Strategy Manager - MBA (Intern) – United States,Cisco
"12/11/20, 8:54 AM",http://www.linkedin.com/jobs/view/2282699852,Product Marketing MBA Intern,Adobe
"12/23/20, 6:10 PM",http://www.linkedin.com/jobs/view/2330861524,"Corporate Development Intern, MBA",Docusign
"2/18/20, 11:05 PM",http://www.linkedin.com/jobs/view/1706355826,Summer Intern 2020,Group Nine Media
"10/2/20, 8:15 AM",http://www.linkedin.com/jobs/view/2151181519,"Product Marketing, MBA - Summer Internship",Spotify
"12/11/20, 8:54 AM",http://www.linkedin.com/jobs/view/2303592469,MBA Strategy Internship (Fall 2020),Vee
"12/23/20, 6:10 PM",http://www.linkedin.com/jobs/view/2268836133,Product Strategy & Operations Intern,Zendesk
"12/23/20, 6:12 PM",http://www.linkedin.com/jobs/view/2340688100,Product Marketing Manager MBA Intern,Adobe Commerce
"12/11/20, 8:56 AM",http://www.linkedin.com/jobs/view/2340875727,MBA Product Management Intern - Tableau,Salesforce
"2/24/20, 7:57 PM",http://www.linkedin.com/jobs/view/1752862491,"Intern, Public Relations (Summer)",Ketchum
"12/23/20, 6:13 PM",http://www.linkedin.com/jobs/view/2332288534,"Services Strategy & Portfolio Management, MBA Intern",Docusign
"12/11/20, 8:56 AM",http://www.linkedin.com/jobs/view/2299282479,Business Strategy MBA Intern,Adobe
"12/8/20, 5:25 PM",http://www.linkedin.com/jobs/view/2331846398,New Business Venture Acceleration Intern,Hitachi
"12/11/20, 9:53 AM",http://www.linkedin.com/jobs/view/2191762229,"GTM Manager, B2B MBA Intern",Adobe
"3/9/20, 1:41 PM",http://www.linkedin.com/jobs/view/1767276175,Public Relations Intern,Nectar Communications
"12/11/20, 9:50 AM",http://www.linkedin.com/jobs/view/2166051844,"MBA Intern, Global Markets",Cruise
"12/11/20, 9:51 AM",http://www.linkedin.com/jobs/view/2315580504,Product Marketing Manager MBA Intern,Adobe Commerce
"12/11/20, 8:57 AM",http://www.linkedin.com/jobs/view/2261935116,"Product Marketing, Adobe Experience Manager, MBA Intern",Adobe
"1/30/20, 12:17 PM",http://www.linkedin.com/jobs/view/1534578551,Two Sigma Ventures Marketing & Communications Internship,Two Sigma
"12/11/20, 9:53 AM",http://www.linkedin.com/jobs/view/2282603257,"Product Marketing Manager, Education - MBA Intern",Adobe
"2/11/20, 5:29 AM",http://www.linkedin.com/jobs/view/1725194875,Public Relations Intern,Mission North
"2/24/20, 7:57 PM",http://www.linkedin.com/jobs/view/1713936312,Public Relations Intern,Raxo
"2/8/20, 1:31 PM",http://www.linkedin.com/jobs/view/1600127523,Two Sigma Ventures Marketing & Communications Internship,Two Sigma
