Company,Category,Website,Priority,Monitoring status,Why strategic fit,Notes
BetterUp,Career coaching,https://www.betterup.com/,High,Watch,"Series E ($628M+, $4.7B valuation) coaching platform aligned with Careerspan's core coaching wedge. BetterUp has strong team pedigree (Alexi Robichaux + top VCs), already does M&A (acquired Impraise, ",Direct coaching + team leadership focus; strong M&A track record; Airbnb/LinkedIn as customers. Coach talent pool directly synergistic with Careerspan
Phenom,ATS,https://www.phenom.com/,High,Watch,"Series D ($100M, Microsoft customer). AI-powered talent experience platform (TXM) that drives recruiting outcomes. Strong product synergy: Careerspan's coaching could extend Phenom's candidate engagem",500+ employees; 400+ global enterprise customers (nearly 50 Fortune 500); strong AI/ML focus. Career pathing module would integrate cleanly.
Greenhouse,ATS,https://www.greenhouse.com/,High,Watch,"Acquired by TPG in 2021 (500M investment), rank #1 ATS across enterprise/mid-market (G2 2026). Coaching & readiness module would strengthen hiring outcomes & candidate quality.",TPG ownership = strong appetite for bolt-on HR acquisitions. 98% user satisfaction. Coachable moments throughout hiring journey.
Lever,ATS,https://www.lever.co/,High,Watch,"Series D ($50M, Apax Digital, $550M valuation 2021), 4,000+ customers (Netflix, Spotify, Atlassian). Talent-first positioning; coaching module could enhance candidate engagement + retention.",Acquired by Apax Digital 2022. Candidate-centric culture aligns with Careerspan team narrative. DEI analytics push = coaching synergy.
Rippling,HRIS,https://www.rippling.com/,High,Watch,"Series G ($450M, $13.5B+ valuation), 2M+ employees managed. Broad HR platform with learning + payroll integration. Team-first culture (Parker Conrad founder); coaching module fits post-onboarding rete",Prolific acquirer (see LinkedIn/Crunchbase). Learning management embedded; coaching could be marketed as 'Rippling People' module for retention/engage
Gloat,Career platform,https://www.gloat.com/,High,Watch,"Series D ($90M, Generation Investment Management), internal talent marketplace for 400+ enterprise customers. Coaching + readiness would strengthen career pathing & internal mobility outcomes.",AI-powered; strong generation of thought leaders (Al Gore's firm); Fortune 500 focus. Synthetic talent pipeline (internal) synergizes with Careerspan 
Guild Education,Career platform,https://www.guildeducation.com/,High,Watch,"Series F ($175M, $4.4B valuation, General Catalyst/Bessemer). Education benefits + upskilling for Fortune 1000. Team + coaching synergy: Careerspan could be 'frontline readiness' module.",Acquisition history (Entangled); strong focus on career mobility & upskilling. Careerspan coaching could wrap education benefits with readiness + job 
iCIMS,ATS/HRIS,https://www.icims.com/,High,Watch,"Public company (PE-backed by Apax), market-leading talent cloud platform. Aggressive acquirer (Apli, Jibe, Opening.IO). Coaching module would enhance candidate readiness + retention for their 5K+ ente","PE-backed, proven M&A buyer. Frontline + corporate hiring. Careerspan = readiness layer for high-volume hiring."
SmartRecruiters,ATS,https://www.smartrecruiters.com/,High,Watch,"Series E ($110M, Silver Lake, $1.5B valuation), 2K+ enterprise customers (Visa, LinkedIn, Twitter, McDonald's). Insight Partners repeat investor. Hiring success platform could integrate Careerspan coa",Strong growth story; emphasis on 'hiring success' = coaching synergy. Candidate-centric positioning.
Gusto,HRIS/Payroll,https://www.gusto.com/,High,Watch,"Series E ($175M, $10.5B valuation), 718M+ funding, 2M+ employees on platform. SMB/Mid-market focus. Acquired Symmetry + Ardius. Team-centric brand; coaching = engagement/retention module.",Acquirer of talent infrastructure (Symmetry). Strong SMB distribution. Careerspan = employee success platform for Gusto customers.
BambooHR,HRIS,https://www.bamboohr.com/,High,Watch,"Late stage ($2.5B valuation, Providence Equity growth round $125M). SMB HRIS leader. Team-focused positioning (employee experience + communications). Coaching = engagement module.",Employee community + total rewards focus. Careerspan = internal mobility + career coaching layer for BambooHR platform.
Workday,HCM/Enterprise software,https://www.workday.com/,High,Watch,"Public ($70B+), prolific acquirer (HiredScore, VNDLY, Peakon, etc). Skills Cloud + learning embedded. Team narrative = big enterprise acquirer appetite.",Strategic buyer with proven acquisition appetite. Coaching = career pathing + internal mobility within Workday platform.
LinkedIn (Microsoft),Career network/Microsoft,https://www.linkedin.com/,High,Watch,"Microsoft-owned ($26.2B, 2016), 900M+ users. LinkedIn Hiring Assistant + Microsoft 365 integration. Careerspan = coaching layer for candidate prep + onboarding.",Massive distribution + team narrative fit. Coaching could be integrated into LinkedIn Learning + Hiring Assistant workflow.
Ashby,ATS,https://www.ashby.com/,High,Watch,"Series D ($50M, Alkeon, 2025), 2,700+ customers (Shopify, Ramp, OpenAI, Snowflake). AI-native hiring OS with quality-of-hire focus. Team/coaching module = retention differentiator.","YC-backed, 135% ARR growth YoY, doubles customer base annually. Team skill leverage opportunity."
Deel,Global payroll/HRIS,https://www.deel.com/,High,Watch,"Series E ($300M, Ribbit, $17.3B valuation, 2025). 37K+ customers, $22B annual payroll. Global hiring + payroll + compliance. Coaching = onboarding/retention module for 150+ countries.",Acquired Atlantic Money; prolific acquirer. Global distribution. Careerspan = onboarding/mobility layer.
Qualtrics,Experience management,https://www.qualtrics.com/,High,Watch,"PE-backed by Silver Lake ($12.5B 2023), acquired Press Ganey Forsta ($6.75B). Employee experience focus. Coaching = retention/engagement layer.",Prolific acquirer (largest recent: PressGaney $6.75B). Employee engagement focus. Coaching = XM completeness.
Eightfold.ai,AI talent platform,https://www.eightfold.ai/,High,Watch,"Series E ($410M, SoftBank, IVP), internal talent mobility + skills intelligence. Coaching = career pathing completeness for internal + external talent.","Heavily funded, skills-first platform. Coaching = career readiness + internal mobility acceleration."
TrueBlue,Staffing roll-up,https://www.trueblue.com/,High,Watch,"Public (NYSE: TBI), 5th-largest US staffing firm, prolific acquirer (Seaton, HSP, PeopleScout). Coaching = placement success + retention.",Aggressive acquirer (5+ deals past 5 years). Diversifying into healthcare. Coaching = placement readiness module.
Hudson Global (Star Equity),RPO/staffing roll-up,https://www.hudsontalent.com/,High,Watch,"NASDAQ-listed (rebranded Star Equity), RPO leader (17 years on Baker's Dozen), prolific acquirer (Executive Solutions, Alpha Consulting, others).",Global RPO leader. Coaching = candidate/employee readiness for large-scale hiring programs.
