Date/Time,Media Description,Media Link
"You uploaded a feed photo on March 12, 2024 at 2:00 PM (GMT)", -,https://media.licdn.com/dms/image/v2/D4E22AQEhHxvPqN6fRQ/feedshare-shrink_2048_1536/feedshare-shrink_2048_1536/0/1710252006580?e=1769644800&v=beta&t=1eMaOuXPJREkxJq-K70NrX-sBWDh23OQTNn_waPWLsQ
"You uploaded a feed photo on February 19, 2024 at 4:50 PM (GMT)", -,https://media.licdn.com/dms/image/v2/D4E22AQE9mGYhOnLy7Q/feedshare-shrink_2048_1536/feedshare-shrink_2048_1536/0/1708361410948?e=1769644800&v=beta&t=R9BHFNnNpiJPEPBhcTUWk5BKq-KLA5hVzg5CZn7C33I
"You uploaded a feed photo on February 19, 2024 at 4:50 PM (GMT)", -,https://media.licdn.com/dms/image/v2/D4E22AQExMpzTpCx5bg/feedshare-shrink_2048_1536/feedshare-shrink_2048_1536/0/1708361410906?e=1769644800&v=beta&t=-z5PIPDKqvE795MO2cT7bH0m49T-PbyuELZGk4LJoMQ
"You uploaded a feed photo on February 19, 2024 at 4:50 PM (GMT)", -,https://media.licdn.com/dms/image/v2/D4E22AQFu6r9uLuDSNw/feedshare-shrink_2048_1536/feedshare-shrink_2048_1536/0/1708361410886?e=1769644800&v=beta&t=1RO54EukfklMfbDx3cOBGKSiD2wgCSZbOx1jrpC_lsQ
"You uploaded a feed photo on February 19, 2024 at 4:50 PM (GMT)", -,https://media.licdn.com/dms/image/v2/D4E22AQFw19-FbFtItQ/feedshare-shrink_2048_1536/feedshare-shrink_2048_1536/0/1708361411353?e=1769644800&v=beta&t=Fa27Dr9ozrpUItHVTDVlYoQUAHMaQBpvBpjVIoSCCVs
"You uploaded a feed photo on January 10, 2024 at 1:23 PM (GMT)", -,https://media.licdn.com/dms/image/v2/D4E22AQEpGwz-snGAHA/feedshare-shrink_2048_1536/feedshare-shrink_2048_1536/0/1704892984111?e=1769644800&v=beta&t=yO5RToFvKzD3_bdUYazXTXZM5k2gu6Mk7tTl8svFj4A
"You uploaded a article cover photo on April 17, 2020 at 12:25 PM (GMT)", -,https://media.licdn.com/dms/image/v2/C5612AQE29NzQi9garg/article-cover_image-shrink_600_2000/article-cover_image-shrink_600_2000/0/1587126337746?e=1769644800&v=beta&t=_XmuufckMVCgYBeStERStDa4oqjjz-5RWuhfxBeJ12Q
"You uploaded a document on March 12, 2020 at 2:03 PM (GMT)", -,https://media.licdn.com/dms/image/v2/C512DAQF4iqknHTiUOA/profile-treasury-document-cover-images_1920/profile-treasury-document-cover-images_1920/0/1584021805754?e=1768604400&v=beta&t=630bUI1TOovps1xWHDyaEGT8orF47cCxnmaqDf34w-U
"You uploaded a document on March 11, 2020 at 9:35 PM (GMT)", -,https://media.licdn.com/dms/image/v2/C512DAQEtSjFJfnUrAQ/profile-treasury-document-cover-images_1920/profile-treasury-document-cover-images_1920/0/1583962509364?e=1768604400&v=beta&t=Lk6Fggg9Ssoz7BZvq4jHv_u_4zPz3R7Koz1sm3vNBvs
"You uploaded a document on March 11, 2020 at 4:07 PM (GMT)", -,https://media.licdn.com/dms/document/media/v2/C512DAQEqNgDxzE4S_w/profile-treasury-document-pdf-analyzed/profile-treasury-document-pdf-analyzed/0/1583942851672?e=1768604400&v=beta&t=_Fctx5JQRA5eF1TMoZYfG-GOlfhTj7GUrha_cFpk53s
"You uploaded a document on March 6, 2020 at 9:11 PM (GMT)", -,https://media.licdn.com/dms/image/v2/C512DAQGdHp8Hd3y42A/profile-treasury-document-cover-images_1920/profile-treasury-document-cover-images_1920/0/1583529092746?e=1768604400&v=beta&t=Q_jCC3wzu5RwD-cxNI3upwVyHbOHeKkarUStTD5MfTQ
"You uploaded a document on February 29, 2020 at 12:49 PM (GMT)", -,https://media.licdn.com/dms/image/v2/C512DAQEn_6kiIedAbQ/profile-treasury-document-cover-images_1920/profile-treasury-document-cover-images_1920/0/1582980589184?e=1768604400&v=beta&t=84MzR2B8BJuOXTxhWeqJacmzQWwEUBXIVEFVZsDeBkY
"You uploaded a profile photo on November 19, 2019 at 5:37 PM (GMT)", -,https://media.licdn.com/dms/image/v2/C5603AQEYBGc4SYkCGw/profile-displayphoto-shrink_100_100/profile-displayphoto-shrink_100_100/0/1574185062044?e=1769644800&v=beta&t=xPIsE_fd2v9aFtuggYHA4doEhpuyXYnRE0koDy70uMo
"You uploaded a profile photo on November 19, 2019 at 5:37 PM (GMT)", -,https://media.licdn.com/dms/image/v2/C5604AQEGNnIbwu6lKQ/profile-originalphoto-shrink_900_1200/profile-originalphoto-shrink_900_1200/0/1574185061223?e=1769644800&v=beta&t=cTPokMkjKrdJFzpk2MfKR5OYyPIdxdR6gxyp_ndVqtU
