2025 Travel Wrapped.prompt.md	1566	2025-12-21 06:24
Add Digest.prompt.md	15863	2025-11-03 06:53
Aggregate Insights.prompt.md	4498	2025-11-03 06:50
Aki.prompt.md	3251	2025-11-03 06:53
Akiflow Push.prompt.md	6789	2025-11-03 06:53
Analyze Meeting.prompt.md	813	2025-11-03 06:51
Apply AI Leads Export.prompt.md	1279	2025-12-18 19:06
Auto Process Meetings.prompt.md	3800	2025-11-03 06:53
Build Capability.prompt.md	1621	2025-12-15 04:24
Build Review.prompt.md	7484	2026-01-18 21:35
Calendly.prompt.md	2809	2026-01-16 12:41
Careerspan Timeline Add.prompt.md	1272	2025-11-03 06:53
Careerspan Timeline.prompt.md	1073	2025-11-03 06:53
Check State Session.prompt.md	1587	2025-11-03 06:53
Cleanup Root.prompt.md	2348	2025-11-03 06:53
Close Conversation.prompt.md	14350	2026-01-19 00:11
Conversation Diagnostics.prompt.md	7209	2025-11-03 06:53
Convert Prompt.prompt.md	3519	2025-11-03 06:53
Core Audit.prompt.md	1062	2025-11-03 06:53
Crm Find.prompt.md	3518	2025-11-03 06:53
Crm Query.prompt.md	206	2025-11-03 06:53
DD Individual.prompt.md	4755	2025-12-17 21:58
DD Organization.prompt.md	6108	2025-12-17 21:58
Debug Log.prompt.md	2441	2025-11-03 06:53
Deep Research Due Diligence.prompt.md	1442	2025-12-17 22:00
Deliverable Generate.prompt.md	1607	2025-11-03 06:53
Deliverable Review.prompt.md	812	2025-11-03 06:53
Digest Runs.prompt.md	985	2025-11-03 06:53
Direct Knowledge Ingest.prompt.md	3366	2025-11-03 06:53
Docgen.prompt.md	5182	2025-11-03 06:53
Drop Followup.prompt.md	2251	2025-11-03 06:53
Emoji Legend.prompt.md	677	2025-11-03 06:53
Exa Research.prompt.md	2006	2025-12-04 05:12
Export Thread.prompt.md	6459	2025-11-03 06:53
Extract Careerspan Insights.prompt.md	5199	2025-11-03 06:53
File Protector.prompt.md	1339	2025-11-03 06:53
Flight Search.prompt.md	4032	2026-01-11 21:59
Flow Run.prompt.md	728	2025-11-03 06:53
Frontend Design.prompt.md	3300	2026-01-15 05:33
Function Import System.prompt.md	2008	2025-11-03 06:53
GTM Database Backfill.prompt.md	610	2025-11-03 05:39
Generate Deliverables.prompt.md	1921	2025-12-01 02:20
Generate Thread Title.prompt.md	1637	2025-11-03 06:53
Generate With Voice.prompt.md	10544	2026-01-15 05:33
Gfetch.prompt.md	3186	2025-11-03 06:53
Git Audit.prompt.md	637	2025-11-03 06:53
Git Check.prompt.md	4139	2025-11-03 06:53
Grep Search Command Creation.prompt.md	698	2025-11-03 06:53
Hygiene Preflight.prompt.md	1294	2025-11-03 06:53
Idea Compounder.prompt.md	13922	2025-11-03 06:53
Idea Lab.prompt.md	3250	2026-01-05 08:23
Inbox Process.prompt.md	4443	2025-11-03 06:53
Inbox Review.prompt.md	2920	2025-11-03 06:53
Incantum Quickref.prompt.md	1047	2025-12-08 22:37
Index Rebuild.prompt.md	763	2025-11-03 06:53
Index Update.prompt.md	720	2025-11-03 06:53
Init State Session.prompt.md	1540	2025-11-03 06:53
Internal Meeting Process.prompt.md	10599	2025-11-03 06:53
Job Source Extract.prompt.md	1975	2025-11-03 06:53
Job Source.prompt.md	1754	2025-11-03 06:53
Jobboard Scan.prompt.md	1632	2025-12-13 18:28
Jobs Add.prompt.md	1208	2025-11-03 06:53
Jobs Review.prompt.md	1589	2025-11-03 06:53
Jobs Scrape.prompt.md	3020	2025-11-03 06:53
Journal.prompt.md	2418	2025-12-11 03:31
Knowledge Add.prompt.md	895	2025-11-03 06:53
Knowledge Find.prompt.md	831	2025-11-03 06:53
Knowledge Ingest.prompt.md	705	2025-11-03 06:53
Lessons Review.prompt.md	5381	2025-11-03 06:53
Life Counter.prompt.md	2415	2025-12-28 02:42
LinkedIn Review Queue.prompt.md	1460	2025-12-11 04:37
Linkedin Post Generate.prompt.md	9640	2025-11-03 06:53
List View.prompt.md	3067	2025-11-03 06:53
Lists Add.prompt.md	1452	2025-11-03 06:53
Lists Create.prompt.md	998	2025-11-03 06:53
Lists Export.prompt.md	891	2025-11-03 06:53
Lists Find.prompt.md	945	2025-11-03 06:53
Lists Health Check.prompt.md	4418	2025-11-03 06:53
Lists Move.prompt.md	1131	2025-11-03 06:53
Lists Pin.prompt.md	864	2025-11-03 06:53
Lists Promote.prompt.md	877	2025-11-03 06:53
Lists Set.prompt.md	982	2025-11-03 06:53
Luma Backfill Organizers.prompt.md	1394	2025-12-11 06:43
Luma Email Discovery.prompt.md	1577	2025-12-11 06:22
Luma Email Monitor.prompt.md	997	2025-12-11 05:55
Luma Event Digest.prompt.md	1287	2025-12-11 05:44
Luma Register Event.prompt.md	2222	2025-12-11 06:43
Manage Drafts.prompt.md	3515	2025-11-03 06:53
Manual Transcript Ingest.prompt.md	4548	2026-01-15 05:33
Meeting Block Generation.prompt.md	5043	2026-01-17 14:34
Meeting Blurb Generation.prompt.md	38755	2026-01-17 14:38
Meeting Detect.prompt.md	3950	2025-11-04 01:42
Meeting Follow-Up Generation.prompt.md	27657	2026-01-17 14:38
Meeting Manifest Generation.prompt.md	4240	2026-01-17 14:34
Meeting Metadata Extractor.prompt.md	6906	2025-11-04 01:33
Meeting Prep Digest.prompt.md	16177	2026-01-03 22:19
Meeting Process.prompt.md	27871	2026-01-03 01:32
Meeting State Transition.prompt.md	3389	2026-01-17 14:39
Meeting Transcript Process.prompt.md	3698	2025-11-03 06:53
Meeting Transcript Scan.prompt.md	6101	2025-11-04 01:42
Meeting Warm Intro Generation.prompt.md	10139	2026-01-17 14:38
Meeting_Block_Selector.prompt.md	3194	2025-11-17 05:22
Networking Event Process.prompt.md	9521	2025-11-03 06:53
Nyne Funding Lookup.prompt.md	2684	2026-01-03 22:02
Nyne Sales Intel.prompt.md	2231	2026-01-03 22:02
Nyne.prompt.md	4601	2026-01-03 19:22
Orchestrator Thread.prompt.md	3154	2025-11-03 06:53
Pangram Check.prompt.md	3814	2026-01-15 05:33
Pangram.prompt.md	1600	2026-01-15 05:33
Persona Create.prompt.md	2162	2025-11-03 06:53
Placeholder Scan.prompt.md	7361	2025-11-03 06:53
Play Movie.prompt.md	2368	2025-11-03 06:53
Play Tv Show.prompt.md	2868	2025-11-03 06:53
Position Seed Interview.prompt.md	2244	2025-12-27 01:28
Position Triage.prompt.md	3479	2025-12-28 02:42
Pr Intel Extractor.prompt.md	6180	2025-11-03 06:53
Process AI Request Queue.prompt.md	1741	2025-11-03 05:39
Process Reflection.prompt.md	19061	2026-01-09 22:08
Process to Knowledge.prompt.md	738	2025-11-03 06:53
Prompt Import.prompt.md	5930	2025-11-03 06:53
Quick Add.prompt.md	2105	2025-11-03 06:53
Quick Classify.prompt.md	751	2025-11-03 06:53
Reflect Process.prompt.md	4751	2025-11-03 06:53
Relationship Pipeline Add.prompt.md	2914	2025-11-03 06:53
Report Issue.prompt.md	1755	2025-11-03 06:53
Research Prompt Generator.prompt.md	4942	2025-11-03 06:53
Resonance Report.prompt.md	2066	2026-01-10 02:46
Resume.prompt.md	188	2025-11-03 06:53
Review Cli.prompt.md	2663	2025-11-03 06:53
Safety Check.prompt.md	923	2025-11-03 06:53
Search Commands.prompt.md	3427	2025-11-03 06:53
Set Employer Password.prompt.md	2330	2025-12-09 18:59
Shortio Link Create.prompt.md	1850	2025-12-11 05:48
Social Idea Add.prompt.md	2126	2025-11-03 06:53
Social Idea Generate.prompt.md	2721	2025-11-03 06:53
Social Post Add.prompt.md	1860	2025-11-03 06:53
Social Post Generate Multi Angle.prompt.md	7156	2026-01-15 05:33
Social Post Health.prompt.md	1726	2025-11-03 06:53
Social Post List.prompt.md	1409	2025-11-03 06:53
Social Post Stats.prompt.md	802	2025-11-03 06:53
Social Post Status.prompt.md	2391	2025-11-03 06:53
Spawn Worker.prompt.md	5678	2025-12-26 19:35
Strategic Partner.prompt.md	20433	2025-11-03 06:53
Strategy Compounder.prompt.md	13048	2025-11-03 06:53
Sync To Drive.prompt.md	3770	2025-11-03 06:53
System Design Workflow.prompt.md	6613	2025-11-03 06:53
System Timeline Add.prompt.md	1416	2025-11-03 06:53
System Timeline.prompt.md	1138	2025-11-03 06:53
System Upgrades Add.prompt.md	1759	2025-11-03 06:53
Test Subdirectory Recipe.prompt.md	808	2025-11-03 06:53
Thought Provoker Idea Compounder.prompt.md	406	2025-12-22 21:00
Thought Provoker Session.prompt.md	3075	2025-12-26 23:15
Thread Export.prompt.md	6280	2025-11-03 06:53
Transcript Ingest.prompt.md	3263	2025-11-03 06:53
Unsent Followups Digest.prompt.md	2171	2025-11-03 06:53
Update State Session.prompt.md	1725	2025-11-03 06:53
Vibe Trainer Report.prompt.md	2952	2025-12-28 19:33
Warm Intro Generate.prompt.md	69	2025-11-03 06:53
Warm Intro Generator.prompt.md	1252	2025-12-15 18:32
Weekly Strategic Review.prompt.md	11913	2025-11-03 06:53
Workspace Maintenance.prompt.md	3390	2025-11-03 06:53
Workspace Root Cleanup.prompt.md	5344	2025-11-03 06:53
X Thought Leader.prompt.md	9790	2026-01-15 05:33
Zo Feedback Sync.prompt.md	2276	2025-11-03 06:53
Zo Troubleshoot Add.prompt.md	3542	2025-11-03 06:53
communications-generator.prompt.md	18502	2025-11-18 05:00
crm-enrich-profile.prompt.md	3042	2025-12-26 22:16
crm-gmail-enrichment.prompt.md	2025	2025-12-26 22:16
deduplicate-meetings.prompt.md	4342	2025-11-05 03:03
drive_meeting_ingestion.prompt.md	2173	2025-11-12 05:19
jd-culture-simple.prompt.md	6347	2025-11-26 09:50
meeting-block-generator.prompt.md	8156	2025-11-23 06:06
meeting-block-selector.prompt.md	6521	2025-11-23 06:06
pre-build-checklist.prompt.md	22325	2025-11-15 07:48
refresh-productivity-dashboard.prompt.md	1565	2025-11-03 07:25
stakeholder_intel_contract.prompt.md	2530	2025-11-30 14:05
standardize_meeting_folder.prompt.md	4106	2025-11-04 17:02
update-productivity-dashboard.prompt.md	2658	2025-11-06 21:36
worker-meeting-cleanup.prompt.md	4035	2025-11-15 11:49
zo-feedback.prompt.md	5340	2025-11-26 16:09
