__init__.py	0	2025-12-15 05:22
acquisition_agent_daily.py	7523	2025-12-28 00:58
acquisition_deal_scanner.py	8186	2025-12-27 12:09
acquisition_discovery_scanner.py	10010	2025-12-28 00:51
add-opportunity.py	2180	2025-10-31 23:23
ai_request_processor.py	4403	2025-11-04 13:07
airtable_config.py	2784	2025-12-28 01:04
airtable_deal_sync.py	11973	2025-12-27 12:10
airtable_deal_sync_v2.py	11299	2025-12-28 00:56
akiflow_push.py	5961	2025-10-31 23:23
angle_generator.py	12840	2025-10-31 23:23
auto_create_stakeholder_profiles.py	16657	2026-01-05 14:14
auto_create_stakeholder_profiles_v2.py	5119	2025-11-17 22:43
auto_init_conversation.py	2884	2025-11-24 11:02
auto_populate_content.py	9196	2025-12-17 05:48
b32_position_extractor.py	40825	2026-01-06 10:02
b_block_parser.py	34257	2025-12-17 05:48
backfill_conversations.py	6372	2025-10-31 23:23
backfill_followup_metadata.py	12528	2025-10-31 23:23
background_contact_enrichment.py	1773	2025-10-31 23:23
background_email_scanner.py	21010	2025-10-31 23:23
bootstrap_conversation_client.py	7341	2025-10-31 23:23
browser_runner.py	10441	2025-12-15 04:35
build_orchestrator_v2.py	13974	2026-01-18 21:42
build_status.py	22773	2026-01-19 02:56
build_tracker.py	19332	2025-10-31 23:23
build_worker_complete.py	8703	2026-01-18 21:42
bulletin_generator.py	16888	2025-12-26 22:15
calculate_rpi.py	3006	2025-11-04 14:02
calendar_hr_correlator.py	24597	2025-12-27 22:15
capability_graduation.py	21753	2026-01-09 08:38
capability_registry_update.py	10442	2025-11-29 22:02
capability_registry_update_smoke_test.py	2001	2025-11-29 22:02
careerspan_insights_extractor.py	25045	2025-10-31 23:23
cc_outreach_processor.py	10244	2026-01-05 08:45
cleanup_duplicate_requests.py	2008	2025-11-04 13:04
close_convo_bridge.py	7254	2026-01-03 13:55
closure_tracker.py	16188	2025-10-31 23:23
commands_chronological_setup.py	7178	2025-10-31 23:23
compute_distinctiveness.py	8840	2026-01-15 05:33
compute_semantic_layout.py	5196	2026-01-16 13:23
consolidate_lists.py	4595	2025-10-31 23:23
consolidated_transcript_workflow.py	62500	2025-10-31 23:23
consolidated_transcript_workflow_v2.py	29418	2025-10-31 23:23
consolidated_workflow.py	11208	2025-10-31 23:23
content_backfill.py	5528	2026-01-09 07:42
content_ingest.py	20056	2026-01-19 02:46
content_library.py	19991	2026-01-19 02:46
content_library_media_migrate.py	3446	2026-01-15 05:33
content_library_v3.py	579	2025-12-17 06:00
content_query.py	5414	2026-01-15 05:33
content_type_detector.py	7908	2025-10-31 23:23
context_bundle.py	1584	2025-11-11 23:20
contradiction_detector.py	15722	2025-10-31 23:23
conversation_backfill.py	10487	2025-10-31 23:23
conversation_end_analyzer.py	10617	2025-12-18 01:02
conversation_end_full.py	11356	2026-01-15 05:33
conversation_end_quick.py	13060	2026-01-15 05:33
conversation_end_router.py	13407	2025-12-18 01:01
conversation_end_standard.py	11571	2026-01-12 00:44
conversation_orchestrator.py	29048	2025-12-26 22:15
conversation_pii_audit.py	15868	2026-01-15 05:33
conversation_registry.py	29788	2025-10-31 23:23
conversation_resync.py	9586	2025-10-31 23:23
conversation_sync.py	11584	2025-11-11 11:18
convert_to_text.py	1819	2025-10-31 23:23
convo_supervisor.py	25162	2025-10-31 23:23
core_audit.py	7251	2025-10-31 23:23
correlate_meeting_hr.py	16301	2025-12-27 13:16
create_profiles_db.py	3402	2025-11-03 01:20
crm_bulk_rename_enriched.py	7174	2026-01-18 16:48
crm_calendar_db_migration.py	5574	2025-11-18 03:15
crm_calendar_health_monitor.py	17227	2025-11-18 03:27
crm_calendar_helpers.py	15924	2026-01-03 00:04
crm_calendar_webhook_handler.py	25300	2025-11-18 04:08
crm_calendar_webhook_renewal.py	15223	2025-11-18 03:27
crm_calendar_webhook_setup.py	12040	2025-11-18 03:26
crm_cli.py	20791	2026-01-02 23:51
crm_consolidation.py	19848	2026-01-03 01:55
crm_enrichment_worker.py	24016	2026-01-18 16:47
crm_gmail_enrichment.py	10720	2026-01-03 02:22
crm_gmail_tracker.py	11353	2025-11-18 04:23
crm_index_builder.py	15755	2026-01-03 13:49
crm_lookup.py	10183	2026-01-03 13:48
crm_migrate_profiles.py	18262	2025-11-01 23:03
crm_migrate_to_v3.py	14701	2025-11-18 02:48
crm_org_enrichment_worker.py	6579	2025-12-12 06:40
crm_paths.py	2877	2026-01-03 01:54
crm_query.py	8404	2025-11-29 19:57
crm_query_helper.py	7537	2025-10-31 23:23
crm_reconciliation.py	14121	2025-12-28 14:08
crm_review_flagging.py	6328	2025-12-28 17:52
crm_scan_gmail_contacts.py	8498	2025-11-24 13:09
deal_cli.py	12792	2026-01-16 02:37
deal_llm_prompts.py	5949	2026-01-18 19:55
deal_meeting_router.py	13808	2026-01-18 20:59
deal_proactive_sensor.py	29179	2026-01-18 21:19
deal_query.py	5538	2026-01-18 19:43
deal_signal_router.py	21673	2026-01-18 21:04
deal_sync_external.py	20388	2026-01-18 19:42
debug_logger.py	11506	2025-10-31 23:23
deliverable_orchestrator.py	19822	2025-10-31 23:23
demo_priority_2.py	4512	2025-10-31 23:23
demo_priority_3.py	5438	2025-10-31 23:23
dependency_graph.py	9751	2025-10-31 23:23
detect_meeting_duplicates.py	22658	2025-11-15 10:00
detect_speaker_labels.py	7788	2026-01-15 05:33
direct_ingestion_mechanism.py	4521	2025-10-31 23:23
document_media_curator.py	13266	2025-11-29 20:37
document_processor.py	14957	2025-11-04 13:09
documents_media_db_init.py	6971	2025-11-04 13:08
documents_media_migrate_v1.1.py	3434	2025-11-04 13:18
documents_media_query.py	11780	2025-11-04 13:12
duplicate_scanner.py	10942	2025-10-31 23:23
edge_analysis.py	14413	2026-01-04 18:18
edge_backfill.py	14337	2026-01-09 22:25
edge_extractor.py	14449	2026-01-04 18:06
edge_lifecycle.py	11752	2026-01-04 17:01
edge_query.py	15732	2026-01-04 17:00
edge_reviewer.py	17034	2026-01-10 01:42
edge_secondpass.py	15194	2026-01-10 02:06
edge_types.py	5607	2026-01-10 01:28
edge_writer.py	12654	2026-01-10 01:27
elevate_stakeholder_profiles.py	5493	2025-11-17 23:15
email_analyzer.py	10145	2025-10-31 23:23
email_body_generator.py	19827	2025-11-01 23:03
email_composer.py	12786	2025-12-17 05:48
email_corrections.py	18266	2025-12-17 05:48
email_deal_scanner.py	23256	2026-01-18 22:20
email_registry.py	8104	2025-10-31 23:23
email_validation_learner.py	15075	2025-10-31 23:23
email_validator.py	4191	2025-10-31 23:23
embedding_islands.py	8079	2025-12-13 03:38
enable_prompt_tools.py	4980	2025-11-03 06:52
enrich_position_insights.py	5126	2026-01-16 04:32
enrich_stakeholder_contact.py	16172	2025-10-31 23:23
event_recommender.py	6548	2025-12-27 08:01
exa_research.py	31819	2025-12-17 10:12
executable_manager.py	22959	2025-11-03 06:47
export_all_events_to_calendar.py	2152	2025-12-27 12:06
export_manager.py	8037	2025-11-30 18:20
export_safe.py	10498	2026-01-15 05:33
export_scheduled_tasks.py	752	2025-12-18 10:57
extract_meeting_actions.py	13316	2025-10-31 23:23
extract_organizations.py	3889	2025-12-12 06:30
extract_voice_primitives.py	12876	2026-01-15 05:33
fetch_gcal_event_id.py	5661	2025-11-15 17:47
file_backup.py	10793	2025-11-03 05:36
file_flow_router.py	9381	2025-10-31 23:23
file_protector.py	8792	2025-10-31 23:23
file_watcher.py	11955	2025-10-31 23:23
find_m_meetings.py	2477	2026-01-03 01:13
find_meetings_for_follow_up.py	7417	2025-12-26 20:06
fitbit_life_bridge.py	8866	2026-01-03 00:29
fix_title_generation.py	9678	2025-10-31 23:23
flow_learner.py	10465	2025-10-31 23:23
fodder_collector.py	1713	2025-12-18 17:11
follow_up_email_classifier.py	3932	2025-11-17 08:53
front_matter_manager.py	7232	2025-10-31 23:23
front_matter_manager_part1.py	1301	2025-10-31 23:23
front_matter_manager_part2.py	2149	2025-10-31 23:23
front_matter_manager_part3.py	3309	2025-10-31 23:23
frontmatter_manager.py	5158	2025-10-31 23:23
full_sync_to_main.py	2336	2025-10-31 23:23
gdrive_integration_example.py	5995	2025-10-31 23:23
gdrive_processed_marker.py	3905	2025-11-04 01:15
gdrive_transcript_workflow.py	24869	2025-10-31 23:23
generate_b33_edges.py	17220	2026-01-04 19:44
generate_curation_report.py	9816	2025-11-04 16:28
generate_dashboard.py	11983	2025-10-31 23:23
generate_deliverables.py	7899	2025-12-01 02:20
generate_followup_email_draft.py	9069	2025-11-01 23:03
generate_internal_blocks.py	14095	2025-10-31 23:23
generate_thematic_connections.py	5471	2026-01-16 04:29
generate_voice_review_batch.py	8340	2026-01-15 05:33
get_allowlist_query.py	1503	2025-12-27 07:46
git_change_checker.py	2130	2025-10-31 23:23
git_change_checker_v2.py	14796	2025-11-01 14:52
gmail_batch_enrichment.py	4054	2025-11-18 05:13
gmail_contact_discovery.py	10438	2025-12-19 13:05
gmail_enrichment_helper.py	2587	2025-11-18 05:11
gmail_fetch_staging.py	13248	2025-10-31 23:23
gmail_monitor.py	5718	2025-10-31 23:23
google_auth.py	2153	2025-10-31 23:23
google_calendar_helper.py	4163	2025-11-15 17:47
gtm_b31_processor.py	13469	2025-11-29 20:31
gtm_backfill_llm.py	5308	2025-11-29 20:31
gtm_db_backfill.py	5935	2025-11-29 20:31
gtm_db_builder.py	11100	2025-11-29 20:31
gtm_extract_direct.py	6308	2025-11-29 20:31
gtm_processor_llm_auto.py	10561	2025-11-29 20:31
gtm_query.py	4462	2025-11-29 19:56
gtm_rebuild_with_interpretation.py	7902	2025-11-29 20:31
gtm_worker.py	4141	2025-11-29 19:56
health_checkpoint.py	5439	2026-01-04 19:56
health_log.py	4934	2026-01-04 19:56
hedging_check.py	9677	2026-01-09 05:29
howie_context_analyzer.py	19541	2025-10-31 23:23
howie_signature_generator.py	17021	2025-10-31 23:23
howie_verbal_signal_detector.py	20549	2025-10-31 23:23
hygiene_preflight.py	1141	2025-10-31 23:23
inbox_analyzer.py	8021	2025-10-31 23:23
inbox_review_generator.py	8415	2025-10-31 23:23
inbox_router.py	5511	2025-10-31 23:23
incantum_engine.py	7262	2025-10-31 23:23
incantum_parser.py	5815	2025-11-01 14:55
init_build.py	19178	2026-01-18 23:52
inject_reminders.py	1891	2025-11-04 00:33
integrate_email_with_b25.py	8177	2025-10-31 23:23
integration_test_runner.py	13569	2025-10-31 23:23
intelligence_extractor.py	12200	2025-11-04 13:12
job_social_agent.py	5450	2025-12-22 02:03
jobboard_scan.py	12723	2025-12-13 16:32
journal.py	19252	2025-12-16 05:04
journal_analytics.py	2852	2025-12-11 16:21
journal_synthesis.py	11759	2025-12-15 13:31
knowledge_alignment_audit.py	6365	2025-11-29 20:38
knowledge_integrator.py	12524	2025-11-29 20:37
knowledge_migrate_architecture.py	17781	2025-11-29 18:57
knowledge_migrate_crm.py	15304	2025-11-29 18:38
knowledge_migrate_frameworks.py	13399	2025-11-29 18:58
knowledge_migrate_market_intel.py	24564	2025-11-29 18:48
knowledge_preflight.py	9221	2025-11-29 18:19
life_accountability.py	7109	2025-12-28 02:39
life_counter.py	15472	2025-12-28 02:37
life_patterns.py	10368	2025-12-28 02:41
life_viz.py	9407	2025-12-28 02:03
linkedin_approve_and_enrich.py	15189	2025-12-11 04:47
linkedin_commitment_extractor.py	8813	2025-10-31 23:23
linkedin_crm_sync.py	10941	2026-01-03 02:12
linkedin_query.py	12477	2025-10-31 23:23
linkedin_review_queue.py	12402	2025-12-11 04:46
linkedin_voice_extractor.py	31300	2026-01-15 05:33
lint_js_shell_tweets.py	2399	2025-12-17 07:24
listclassifier.py	5146	2025-10-31 23:23
llm_call.py	1389	2026-01-10 01:54
llm_extraction_processor.py	1674	2025-10-31 23:23
llm_extractor.py	13061	2025-12-02 04:57
llm_utils_FIXED.py	15587	2025-10-31 23:23
load_preferences.py	12189	2026-01-03 00:19
log_bio_reply.py	8587	2025-12-24 18:45
luma_backfill_attended.py	4943	2025-12-11 06:26
luma_calendar.py	9755	2025-12-11 05:43
luma_crm_sync.py	2445	2025-12-11 05:55
luma_db.py	4246	2025-12-15 05:19
luma_digest.py	18341	2026-01-04 01:23
luma_email_discovery.py	5223	2025-12-11 06:18
luma_email_helper.py	2210	2025-12-11 05:55
luma_feedback_check.py	1985	2025-12-11 06:22
luma_login.py	2813	2025-12-11 06:26
luma_orchestrator.py	4982	2025-12-27 07:03
luma_personal_sync.py	5151	2025-12-27 12:04
luma_register.py	14524	2025-12-11 05:55
luma_scorer.py	14642	2025-12-11 06:49
luma_scraper.py	21529	2025-12-11 06:17
luma_unified_pipeline.py	17807	2026-01-04 01:23
manage_allowlist.py	5605	2025-12-27 07:46
manage_event_sources.py	2224	2025-12-21 07:24
manage_must_go.py	3624	2025-12-27 08:11
manifest_state_updater.py	6810	2025-11-17 10:45
manual_ingest.py	6731	2026-01-15 05:33
map_tags_to_dials.py	4648	2025-10-31 23:23
map_tags_to_vos.py	6784	2025-10-31 23:23
media_batch_ingest.py	4335	2026-01-15 05:33
media_ingest.py	11287	2026-01-15 05:33
meeting_api_integrator.py	9738	2025-10-31 23:23
meeting_auto_monitor.py	3293	2025-10-31 23:23
meeting_b33_hook.py	6340	2026-01-04 18:52
meeting_crm_linker.py	18861	2026-01-03 13:50
meeting_crm_sync.py	13736	2026-01-16 18:47
meeting_deal_intel.py	22539	2026-01-18 20:53
meeting_duplicate_detector.py	16630	2025-11-15 10:37
meeting_duplicate_manager.py	32963	2025-11-15 08:28
meeting_gdrive_id_backfill.py	4079	2025-11-15 08:23
meeting_manifest_generator.py	7191	2025-11-18 01:10
meeting_metadata_manager.py	9377	2025-11-12 17:27
meeting_monitor.py	10296	2025-10-31 23:23
meeting_normalizer.py	10935	2025-11-15 07:16
meeting_orchestrator.py	15391	2025-11-15 07:17
meeting_registry.py	13889	2025-11-15 07:18
meeting_state_manager.py	4752	2025-11-01 23:03
meeting_transcript_watcher.py	6568	2025-10-31 23:23
meeting_weekly_organizer.py	15262	2025-12-26 20:07
memory_indexer.py	6245	2025-12-11 18:39
memory_lab.py	2596	2025-12-12 03:19
message_queue.py	8073	2025-10-31 23:23
migrate_crm_add_organizations.py	2969	2025-12-12 06:37
migrate_crm_to_sqlite.py	10813	2025-10-31 23:23
migrate_manifest_system_states.py	7912	2025-11-17 11:06
migrate_positions_to_brain.py	3633	2025-12-13 03:36
migrate_registry_columns.py	12257	2025-10-31 23:23
monitor_action_approvals.py	5940	2025-10-31 23:23
monitor_health.py	11574	2025-10-31 23:23
monitor_temptations.py	2426	2025-12-11 16:13
morning_digest.py	26107	2026-01-05 09:28
move_root_to_inbox.py	8694	2025-11-03 05:03
n5_archive_threads.py	13153	2025-10-31 23:23
n5_bootstrap_advisor_server.py	19194	2025-10-31 23:23
n5_bootstrap_conversational_server.py	18006	2025-10-31 23:23
n5_careerspan_timeline.py	4720	2025-10-31 23:23
n5_careerspan_timeline_add.py	3612	2025-10-31 23:23
n5_careerspan_value_mapper.py	15684	2025-10-31 23:23
n5_compat_scan.py	8211	2025-10-31 23:23
n5_config_merge.py	6229	2025-10-31 23:23
n5_convert_prompt.py	9601	2025-11-03 05:45
n5_convo_list.py	2859	2025-10-31 23:23
n5_convo_search.py	2583	2025-10-31 23:23
n5_convo_show.py	5770	2025-10-31 23:23
n5_dd.py	16553	2025-12-17 21:59
n5_deliverable_review.py	905	2025-11-01 23:03
n5_deployment_packager.py	10907	2025-10-31 23:23
n5_deployment_sender.py	6570	2025-10-31 23:23
n5_digest_runs.py	9529	2025-10-31 23:23
n5_dispatcher.py	3920	2025-11-23 22:06
n5_docgen.py	20320	2025-12-25 12:05
n5_document_redistillation.py	1646	2025-10-31 23:23
n5_drop_followup.py	5462	2025-10-31 23:23
n5_emoji_legend_sync.py	10218	2025-10-31 23:23
n5_export_core.py	9953	2025-10-31 23:23
n5_gfetch.py	4614	2025-10-31 23:23
n5_git_audit.py	2166	2025-10-31 23:23
n5_git_check.py	627	2025-10-31 23:23
n5_ignore.py	5804	2025-12-16 06:05
n5_import_prompt.py	9369	2025-11-01 14:52
n5_incantum.py	6793	2025-11-26 09:38
n5_index_embeddings.py	7053	2025-12-17 10:38
n5_index_rebuild.py	11861	2025-12-25 16:53
n5_index_update.py	9568	2025-12-17 10:38
n5_job_source_extract.py	5428	2025-10-31 23:23
n5_knowledge_adaptive_suggestions.py	1827	2025-10-31 23:23
n5_knowledge_adaptive_suggestions_expand.py	4076	2025-10-31 23:23
n5_knowledge_add.py	2492	2025-10-31 23:23
n5_knowledge_conflict_resolution.py	2526	2025-10-31 23:23
n5_knowledge_conflict_resolution_interactive.py	4120	2025-10-31 23:23
n5_knowledge_conflict_resolution_llm.py	1957	2025-10-31 23:23
n5_knowledge_find.py	2216	2025-10-31 23:23
n5_knowledge_ingest.py	13096	2025-10-31 23:23
n5_launch_worker.py	16491	2025-12-11 04:49
n5_lessons_extract.py	12682	2025-10-31 23:23
n5_lessons_review.py	15699	2025-10-31 23:23
n5_linkedin_intel.py	21304	2025-10-31 23:23
n5_linkedin_post_generate.py	24432	2025-10-31 23:23
n5_lists_add.py	7666	2025-12-21 19:28
n5_lists_content_extractor.py	7507	2025-12-25 11:49
n5_lists_create.py	4495	2025-10-31 23:23
n5_lists_export.py	4284	2025-10-31 23:23
n5_lists_find.py	3446	2025-10-31 23:23
n5_lists_health_check.py	9536	2025-10-31 23:23
n5_lists_monitor.py	2409	2025-10-31 23:23
n5_lists_move.py	5293	2025-10-31 23:23
n5_lists_pin.py	3049	2025-10-31 23:23
n5_lists_promote.py	4428	2025-10-31 23:23
n5_lists_reorder_migration.py	5595	2025-10-31 23:23
n5_lists_set.py	4103	2025-10-31 23:23
n5_lists_similarity_scanner.py	4584	2025-10-31 23:23
n5_lists_validate.py	5495	2025-12-25 01:12
n5_load_context.py	6096	2025-12-13 03:31
n5_meeting_request_standardizer.py	5948	2025-10-31 23:23
n5_networking_event_process.py	34733	2025-10-31 23:23
n5_placeholder_scan.py	10227	2025-10-31 23:23
n5_play_stream.py	2143	2025-10-31 23:23
n5_process_tracking_queues.py	7109	2025-10-31 23:23
n5_project_log.py	2293	2025-12-11 04:49
n5_protect.py	15165	2026-01-15 05:33
n5_quick_dd.py	2979	2025-10-31 23:23
n5_rebuild_ann_index.py	1719	2025-12-16 06:12
n5_run_record.py	5656	2025-10-31 23:23
n5_safety.py	7312	2025-10-31 23:23
n5_safety_lib.py	5633	2025-12-21 19:27
n5_schedule_wrapper.py	10447	2025-12-16 06:32
n5_schema_validation.py	2915	2025-10-31 23:23
n5_search_commands.py	4756	2025-11-01 14:54
n5_secrets.py	14192	2025-10-31 23:23
n5_social_idea_add.py	5339	2025-10-31 23:23
n5_social_idea_generate.py	11686	2025-10-31 23:23
n5_social_post.py	13554	2025-10-31 23:23
n5_system_timeline.py	7202	2025-10-31 23:23
n5_system_timeline_add.py	4728	2025-10-31 23:23
n5_test_modules_flows.py	5254	2025-10-31 23:23
n5_test_safety.py	6641	2025-10-31 23:23
n5_text_to_list_processor.py	10519	2025-10-31 23:23
n5_thread_export.py	57112	2025-10-31 23:23
n5_title_generator.py	14865	2025-10-31 23:23
n5_title_generator_local.py	13454	2025-10-31 23:23
n5_update_intelligence_from_lists.py	697	2025-10-31 23:23
n5_validate_modules_flows.py	6320	2025-10-31 23:23
n5_verify_completion.py	2638	2025-12-11 04:48
n5_worker_report.py	2263	2025-12-11 04:49
n5_workspace_maintenance.py	11326	2025-10-31 23:23
n5_workspace_root_cleanup.py	10878	2025-10-31 23:23
newsletter_event_parser.py	11794	2025-12-27 11:52
newsletter_scan.py	8121	2025-12-04 14:03
normalize_crm_filenames.py	2009	2025-12-28 23:10
normalize_crm_v2.py	4552	2025-12-28 23:11
normalize_transcript.py	3487	2025-11-05 16:47
notify_thought_provoker.py	950	2025-12-18 17:11
notion_deal_sync.py	34824	2026-01-18 22:00
notion_intel_prepend.py	10093	2026-01-18 21:59
orchestrator.py	17294	2025-10-31 23:23
participant_extractor.py	18364	2026-01-03 13:53
pattern_analyzer.py	21719	2025-10-31 23:23
performance_dashboard.py	5379	2025-12-28 02:01
persona_audit.py	9586	2026-01-15 06:56
persona_router.py	13161	2025-11-03 09:14
persona_router_v2.py	20391	2025-11-29 18:38
persona_tracker.py	10922	2026-01-15 06:57
phase_telemetry_validator.py	11936	2025-10-31 23:23
pii_scanner.py	13357	2026-01-15 05:33
port_registry.py	8579	2026-01-15 05:33
position_linker.py	14857	2026-01-15 23:49
positions.py	37709	2026-01-04 19:50
post_write_digest_scan.py	1319	2025-10-31 23:23
pre_flight_check.py	8930	2025-11-04 00:28
predictive_scheduler.py	2815	2025-12-28 01:46
principle_violation_detector.py	11608	2025-10-31 23:23
process_curation_responses.py	13024	2025-11-04 16:29
process_email_staging_llm.py	7776	2025-10-31 23:23
process_llm_extractions.py	4423	2025-11-01 23:03
profile_enricher_watcher.py	15398	2025-11-03 02:01
promote_to_lab.py	3766	2026-01-05 07:07
query_stakeholder_tags.py	3547	2025-10-31 23:23
queue_all_inbox_meetings.py	781	2025-11-04 13:00
r_block_memory_enricher.py	6111	2026-01-09 12:42
read_workflow_metadata.py	3223	2025-10-31 23:23
realtime_state_tracker.py	15448	2025-10-31 23:23
recipe_index_builder.py	494	2025-11-01 13:55
recipe_validator.py	3419	2025-10-31 23:23
reflection_edges.py	10876	2026-01-09 11:58
reflection_smoke_test.py	5157	2026-01-11 00:26
regenerate-opportunity-calendar.py	5565	2025-10-31 23:23
register_scripts.py	4451	2025-11-01 14:20
reindex_v3.py	4255	2025-12-28 23:12
remove_corrupted_inbox.py	903	2025-11-04 13:15
research_prompt_generator.py	16170	2025-10-31 23:23
resolve_placeholder_emails.py	6586	2026-01-15 05:33
retrieve_primitives.py	15396	2026-01-15 05:33
retrieve_voice_lessons.py	12443	2026-01-19 00:51
review_cli.py	15227	2025-10-31 23:23
review_manager.py	25496	2025-10-31 23:23
review_triage.py	5950	2026-01-05 07:03
risk_scorer.py	3715	2025-11-01 13:55
rotate_logs.py	7991	2025-10-31 23:23
run_direct_ingestion.py	1945	2025-10-31 23:23
run_full_reindex.py	3337	2025-12-12 01:59
run_meeting_monitor.py	2068	2025-10-31 23:23
run_stakeholder_workflow.py	1818	2026-01-06 14:07
run_unsent_followups_with_gmail.py	2057	2025-10-31 23:23
safe_stakeholder_updater.py	16500	2025-10-31 23:23
safe_write_utils.py	701	2025-10-31 23:23
sandbox_enforcer.py	6685	2025-10-31 23:23
scheduled_core_audit.py	469	2025-10-31 23:23
scheduled_email_scan.py	3443	2025-10-31 23:23
score_posts_W2.py	12012	2026-01-15 05:33
seed_event_sources.py	2453	2025-12-27 07:10
semantic_linker.py	10832	2026-01-16 13:00
semantic_memory_quality_test.py	37173	2025-12-12 03:01
semantic_reindex_service.py	9610	2025-12-12 02:12
send_sms_notification.py	2361	2025-10-31 23:23
sentiment_hr_correlator.py	13373	2025-12-28 00:59
session_state_manager.py	32732	2026-01-18 21:32
session_state_telemetry.py	8731	2025-11-11 11:25
set_employer_password.py	6905	2025-12-09 19:00
shortio_link_backfill.py	2730	2025-12-11 06:17
shortio_link_service.py	10662	2025-12-26 20:37
shortio_qr_backfill.py	3364	2025-12-11 06:58
shortio_stats_ingest.py	5490	2025-12-11 06:37
slack_bot_config.py	3756	2025-11-16 19:45
slack_bot_setup_wizard.py	3966	2025-11-16 19:47
slack_get_user_id.py	2449	2025-11-16 19:44
slack_read.py	4711	2025-10-31 23:23
slack_send.py	5598	2025-10-31 23:23
smart_event_detector.py	7483	2025-12-27 07:02
sms_deal_handler.py	19574	2026-01-18 22:05
social_post_lib.py	10843	2025-10-31 23:23
spawn_worker.py	6884	2025-12-26 19:34
stakeholder_intel.py	9960	2025-11-30 14:25
stakeholder_intel_smoketest.py	1501	2025-11-30 14:26
stakeholder_manager.py	13810	2026-01-04 14:10
stakeholder_profile_collector.py	10517	2025-11-17 22:42
stakeholder_profile_manager.py	13429	2025-10-31 23:23
start_lab_session.py	8832	2026-01-04 19:56
strategic_partner_session.py	24024	2025-10-31 23:23
strategy_evolution_tracker.py	22284	2025-10-31 23:23
style_guide_manager.py	16762	2025-10-31 23:23
summarize_segments.py	3606	2025-10-31 23:23
sweep.py	2552	2025-10-31 23:23
sync_b08_to_crm.py	6583	2026-01-03 01:56
sync_command_workflow.py	3887	2025-10-31 23:23
sync_decisions_to_db.py	6589	2026-01-04 19:56
sync_mechanism.py	5645	2025-10-31 23:23
sync_organizations_to_db.py	3385	2025-12-12 06:39
sync_positions_to_entities.py	6480	2026-01-04 19:50
sync_primitives_to_memory.py	12456	2026-01-19 00:32
sync_to_drive.py	8664	2025-10-31 23:23
sync_to_drive_impl.py	8390	2025-10-31 23:23
sync_to_main.py	8875	2025-11-01 13:55
system_upgrades_add.py	19975	2025-10-31 23:23
system_upgrades_add_fixed.py	281	2025-10-31 23:23
system_upgrades_telemetry.py	8094	2025-10-31 23:23
task_deconstructor.py	20262	2025-10-31 23:23
tension_detector.py	14530	2025-12-28 03:41
test_archive_promotion.py	5446	2025-10-31 23:23
test_calendar_webhook.py	14182	2025-11-18 04:04
test_content_library_media.py	6036	2026-01-15 05:33
test_conversation_api.py	9492	2025-10-31 23:23
test_conversation_end.py	17036	2025-10-31 23:23
test_conversation_sync.py	8617	2025-11-11 11:19
test_huey_pipeline.py	1671	2025-11-04 12:54
test_lessons_system.py	2299	2025-10-31 23:23
test_live_processor.py	1061	2025-10-31 23:23
test_session_state.py	7341	2025-11-11 11:06
test_unsent_followups_with_gmail.py	1908	2025-10-31 23:23
test_validation.py	22678	2025-11-11 15:28
test_validation_comprehensive.py	12371	2025-11-11 15:10
test_voice_pipeline.py	7829	2026-01-15 05:33
test_warm_intro_detector.py	2443	2025-11-03 02:35
test_weekly_summary.py	3442	2025-10-31 23:23
test_writer_integration.py	7262	2026-01-19 00:52
thought_provoker_agent.py	800	2025-12-18 17:11
thought_provoker_harvester.py	5648	2025-12-22 20:59
thought_provoker_patterns.py	6512	2025-12-26 23:14
thought_provoker_scan.py	4489	2025-12-18 17:10
thought_provoker_scan_v2.py	9377	2025-12-26 23:13
timeline_automation.py	16111	2025-10-31 23:23
timeline_automation_module.py	16111	2025-10-31 23:23
update_build.py	12207	2026-01-19 02:55
update_personal_intelligence.py	17485	2025-10-31 23:23
validate_commands.py	7313	2026-01-02 22:16
validate_conversation_output.py	5842	2025-10-31 23:23
validate_crm_v3_arch.py	9202	2025-11-18 04:55
validate_digest_output.py	1313	2025-10-31 23:23
validate_file_path.py	1806	2025-10-31 23:23
validation.py	26577	2025-11-11 15:15
vest_tracker.py	9975	2026-01-03 00:29
voice_analyze_pair.py	9520	2026-01-19 00:53
voice_diff_analyzer.py	7260	2026-01-19 00:40
voice_feedback_capture.py	5179	2026-01-19 00:23
voice_layer.py	11554	2026-01-15 05:33
voice_lesson_extractor.py	8735	2026-01-19 00:40
voice_lesson_store.py	17729	2026-01-19 00:52
voice_postcheck.py	15374	2026-01-15 05:33
voice_transformer.py	10219	2025-10-31 23:23
vos_tag_parser.py	11457	2026-01-05 08:32
warm_intro_backfill.py	3759	2025-11-01 23:03
warm_intro_generator.py	37566	2025-11-18 04:58
weekly_stakeholder_review.py	15791	2025-10-31 23:23
weekly_strategic_review.py	22164	2025-10-31 23:23
weekly_summary.py	20486	2025-10-31 23:23
weekly_summary_integration.py	16785	2025-10-31 23:23
wellness_extractor.py	4865	2025-12-11 15:31
wellness_monitor.py	11236	2025-12-25 10:44
work_manifest.py	11804	2025-11-04 00:13
zo_feedback.py	15530	2025-11-26 16:09
zo_feedback_drive_sync.py	3915	2025-10-31 23:23
zo_feedback_orchestrator.py	6432	2025-10-31 23:23
zo_feedback_sync.py	7108	2025-10-31 23:23
zo_report.py	9356	2025-10-31 23:23
zo_troubleshoot_add.py	4949	2025-10-31 23:23
zo_wrapped_v2_extractor.py	5658	2025-12-23 11:13
zobridge_bootstrap_sender.py	7604	2025-10-31 23:23
